number,scenario,status,client_ms,handler_ms,request_id
1,fast,200,111.671,82.571,362b31fb400a45748354ede7db441d60
2,fast,200,84.303,83.099,e1f2586fdfd94ed7a14c2fb940a3b57d
3,fast,200,84.091,82.072,f9a236d2a4ee469fb525b0975bd5e9d7
4,fast,200,84.342,81.962,1cad5b921e844c7798e32a6d4f9120a8
5,fast,200,83.725,82.062,f561cee8f696482694a681bb930ea3a9
6,fast,200,85.15,82.903,50410e58673749178b334bad272442d0
7,slow,200,3024.333,3021.665,8e1024b99a8a4801abbacc453320a1e9
8,fast,200,83.179,81.329,02782da2213e4aadbb47d35017173030
9,fast,200,84.23,82.517,72e98da747a146d7a348d072066d3838
10,fast,200,83.663,82.238,1a8f7e63255541239df51a8b81ef71fc
11,fast,200,83.954,82.44,e4498ee2b17443ccb60f58c058504f2c
12,fast,200,84.922,83.115,39ce559fdc1e43abbc120c694f505b94
13,error,500,80.641,78.044,97829481c05d400cb51bcb77696b1dd2
14,fast,200,84.52,82.644,4b10bc70d688487b87feeb88ef46485b
15,fast,200,85.17,83.5,976a963132914a0ebd5ec8b33532b470
16,fast,200,85.699,82.978,9353fd7557a643f590b836352d459049
17,slow,200,3025.11,3023.174,9be534396da140e9ae2c7e3920c4311b
18,fast,200,85.521,83.222,029986e033fd480d80ea63c500ead81e
19,fast,200,85.066,82.392,3e9506a600e44259952dacbc06b30a04
20,fast,200,86.334,83.18,0a87708b39e746b6baa3d4985e5cf8f1
